<?xml version="1.0" encoding="UTF-8" standalone="yes"?>
<addon id="plugin.video.turkvod"
	   name="TURKvod"
	   version="2.1.7"
	   provider-name="TDW - TURKvod Team">
	<requires>
        <import addon="xbmc.python" version="2.1.0"/>
		<import addon="plugin.video.youtube" version="2.9.2"/>
        <import addon="script.video.F4mProxy" version="2.8.8"/>
	</requires>
	   
  <extension point="xbmc.python.pluginsource"
			 library="default.py">
    	<provides>video</provides>
  </extension>
  <extension point="xbmc.addon.metadata">
    <summary>Based on enigma2 plugin TURKvod. Support: www.turk-dreamworld.com</summary>
    <description>Based on enigma2 plugin TURKvod. Support: www.turk-dreamworld.com</description>
    <platform>all</platform>
  </extension>
</addon>






